0,0,1,1,0,0,0
0.0,0.0,0.9999803800312261,1.0,0.0,0.0,0.0
0.0,0.0,0.999921520249809,1.0,0.0,0.0,0.0
0.0,0.0,0.9998234208431044,1.0,0.0,0.0,0.0
0.0,0.0,0.9996860819984672,1.0,0.0,0.0,0.0
0.0,0.0,0.9995095039032517,1.0,0.0,0.0,0.0
0.0,0.0,0.9992936867448108,1.0,0.0,0.0,0.0
0.0,0.0,0.9990386307104969,1.0,0.0,0.0,0.0
0.0,0.0,0.9987443359876615,1.0,0.0,0.0,0.0
0.0,0.0,0.998410802763655,1.0,0.0,0.0,0.0
0.0,0.0,0.998038031225827,1.0,0.0,0.0,0.0
0.0,0.0,0.9976260215615261,1.0,0.0,0.0,0.0
0.0,0.0,0.9971747739581003,1.0,0.0,0.0,0.0
0.0,0.0,0.9966842886028964,1.0,0.0,0.0,0.0
0.0,0.0,0.9961545656832603,1.0,0.0,0.0,0.0
0.0,0.0,0.9955856053865374,1.0,0.0,0.0,0.0
0.0,0.0,0.9949774079000717,1.0,0.0,0.0,0.0
0.0,0.0,0.9943299734112067,1.0,0.0,0.0,0.0
0.0,0.0,0.9936433021072846,1.0,0.0,0.0,0.0
0.0,0.0,0.9929173941756472,1.0,0.0,0.0,0.0
0.0,0.0,0.9921522498036349,1.0,0.0,0.0,0.0
0.0,0.0,0.9913478691785877,1.0,0.0,0.0,0.0
0.0,0.0,0.9905042524878443,1.0,0.0,0.0,0.0
0.0,0.0,0.9896213999187429,1.0,0.0,0.0,0.0
0.0,0.0,0.9886993116586202,1.0,0.0,0.0,0.0
0.0,0.0,0.9877379878948127,1.0,0.0,0.0,0.0
0.0,0.0,0.9867374288146555,1.0,0.0,0.0,0.0
0.0,0.0,0.9856976346054831,1.0,0.0,0.0,0.0
0.0,0.0,0.9846186054546289,1.0,0.0,0.0,0.0
0.0,0.0,0.9835003415494256,1.0,0.0,0.0,0.0
0.0,0.0,0.9823428430772048,1.0,0.0,0.0,0.0
0.0,0.0,0.9811461102252973,1.0,0.0,0.0,0.0
0.0,0.0,0.9799101431810331,1.0,0.0,0.0,0.0
0.0,0.0,0.9786349421317412,1.0,0.0,0.0,0.0
0.0,0.0,0.9773205072647497,1.0,0.0,0.0,0.0
0.0,0.0,0.975966838767386,1.0,0.0,0.0,0.0
0.0,0.0,0.9745739368269762,1.0,0.0,0.0,0.0
0.0,0.0,0.973141801630846,1.0,0.0,0.0,0.0
0.0,0.0,0.9716704333663196,1.0,0.0,0.0,0.0
0.0,0.0,0.970159832220721,1.0,0.0,0.0,0.0
0.0,0.0,0.9686099983813727,1.0,0.0,0.0,0.0
0.0,0.0,0.9670209320355968,1.0,0.0,0.0,0.0
0.0,0.0,0.965392633370714,1.0,0.0,0.0,0.0
0.0,0.0,0.9637251025740446,1.0,0.0,0.0,0.0
0.0,0.0,0.9620183398329077,1.0,0.0,0.0,0.0
0.0,0.0,0.9602723453346217,1.0,0.0,0.0,0.0
0.0,0.0,0.9584871192665038,1.0,0.0,0.0,0.0
0.0,0.0,0.9566626618158706,1.0,0.0,0.0,0.0
0.0,0.0,0.9547989731700377,1.0,0.0,0.0,0.0
0.0,0.0,0.9528960535163198,1.0,0.0,0.0,0.0
0.0,0.0,0.9509539030420308,1.0,0.0,0.0,0.0
0.0,0.0,0.9489725219344834,1.0,0.0,0.0,0.0
0.0,0.0,0.9469519103809899,1.0,0.0,0.0,0.0
0.0,0.0,0.9448920685688613,1.0,0.0,0.0,0.0
0.0,0.0,0.942792996685408,1.0,0.0,0.0,0.0
0.0,0.0,0.9406546949179391,1.0,0.0,0.0,0.0
0.0,0.0,0.9384771634537632,1.0,0.0,0.0,0.0
0.0,0.0,0.9362604024801878,1.0,0.0,0.0,0.0
0.0,0.0,0.9340044121845196,1.0,0.0,0.0,0.0
0.0,0.0,0.9317091927540643,1.0,0.0,0.0,0.0
0.0,0.0,0.9293747443761268,1.0,0.0,0.0,0.0
0.0,0.0,0.9270010672380111,1.0,0.0,0.0,0.0
0.0,0.0,0.9245881615270204,1.0,0.0,0.0,0.0
0.0,0.0,0.9221360274304568,1.0,0.0,0.0,0.0
0.0,0.0,0.9196446651356215,1.0,0.0,0.0,0.0
0.0,0.0,0.917114074829815,1.0,0.0,0.0,0.0
0.0,0.0,0.9145442567003368,1.0,0.0,0.0,0.0
0.0,0.0,0.9119352109344855,1.0,0.0,0.0,0.0
0.0,0.0,0.9092869377195588,1.0,0.0,0.0,0.0
0.0,0.0,0.9065994372428535,1.0,0.0,0.0,0.0
0.0,0.0,0.9038727096916657,1.0,0.0,0.0,0.0
0.0,0.0,0.9011067552532902,1.0,0.0,0.0,0.0
0.0,0.0,0.8983015741150213,1.0,0.0,0.0,0.0
0.0,0.0,0.8954571664641522,1.0,0.0,0.0,0.0
0.0,0.0,0.8925735324879752,1.0,0.0,0.0,0.0
0.0,0.0,0.8896506723737819,1.0,0.0,0.0,0.0
0.0,0.0,0.8866885863088628,1.0,0.0,0.0,0.0
0.0,0.0,0.8836872744805075,1.0,0.0,0.0,0.0
0.0,0.0,0.8806467370760049,1.0,0.0,0.0,0.0
0.0,0.0,0.8775669742826429,1.0,0.0,0.0,0.0
0.0,0.0,0.8744479862877083,1.0,0.0,0.0,0.0
0.0,0.0,0.8712897732784872,1.0,0.0,0.0,0.0
0.0,0.0,0.868092335442265,1.0,0.0,0.0,0.0
0.0,0.0,0.8648556729663259,1.0,0.0,0.0,0.0
0.0,0.0,0.8615797860379534,1.0,0.0,0.0,0.0
0.0,0.0,0.8582646748444298,1.0,0.0,0.0,0.0
0.0,0.0,0.854910339573037,1.0,0.0,0.0,0.0
0.0,0.0,0.8515167804110555,1.0,0.0,0.0,0.0
0.0,0.0,0.8480839975457652,1.0,0.0,0.0,0.0
0.0,0.0,0.8446119911644452,1.0,0.0,0.0,0.0
0.0,0.0,0.8411007614543733,1.0,0.0,0.0,0.0
0.0,0.0,0.8375503086028268,1.0,0.0,0.0,0.0
0.0,0.0,0.8339606327970819,1.0,0.0,0.0,0.0
0.0,0.0,0.830331734224414,1.0,0.0,0.0,0.0
0.0,0.0,0.8266636130720976,1.0,0.0,0.0,0.0
0.0,0.0,0.8229562695274062,1.0,0.0,0.0,0.0
0.0,0.0,0.8192097037776125,1.0,0.0,0.0,0.0
0.0,0.0,0.8154239160099883,1.0,0.0,0.0,0.0
0.0,0.0,0.8115989064118045,1.0,0.0,0.0,0.0
0.0,0.0,0.8077346751703312,1.0,0.0,0.0,0.0
0.0,0.0,0.8038312224728373,1.0,0.0,0.0,0.0
0.0,0.0,0.7998885485065912,1.0,0.0,0.0,0.0
0.0,0.0,0.7959066534588601,1.0,0.0,0.0,0.0
0.0,0.0,0.7918855375169105,1.0,0.0,0.0,0.0
0.0,0.0,0.7878252008680078,1.0,0.0,0.0,0.0
0.0,0.0,0.7837256436994168,1.0,0.0,0.0,0.0
0.0,0.0,0.7795868661984011,1.0,0.0,0.0,0.0
0.0,0.0,0.7754088685522236,1.0,0.0,0.0,0.0
0.0,0.0,0.7711916509481462,1.0,0.0,0.0,0.0
0.0,0.0,0.7669352135734301,1.0,0.0,0.0,0.0
0.0,0.0,0.7626395566153353,1.0,0.0,0.0,0.0
0.0,0.0,0.7583046802611212,1.0,0.0,0.0,0.0
0.0,0.0,0.7539305846980461,1.0,0.0,0.0,0.0
0.0,0.0,0.7495172701133676,1.0,0.0,0.0,0.0
0.0,0.0,0.745064736694342,1.0,0.0,0.0,0.0
0.0,0.0,0.7405729846282253,1.0,0.0,0.0,0.0
0.0,0.0,0.7360420141022722,1.0,0.0,0.0,0.0
0.0,0.0,0.7314718253037366,1.0,0.0,0.0,0.0
0.0,0.0,0.7268624184198714,1.0,0.0,0.0,0.0
0.0,0.0,0.7222137936379289,1.0,0.0,0.0,0.0
0.0,0.0,0.7175259511451603,1.0,0.0,0.0,0.0
0.0,0.0,0.7127988911288158,1.0,0.0,0.0,0.0
0.0,0.0,0.7080326137761449,1.0,0.0,0.0,0.0
0.0,0.0,0.7032271192743962,1.0,0.0,0.0,0.0
0.0,0.0,0.6983824078108173,1.0,0.0,0.0,0.0
0.0,0.0,0.6934984795726549,1.0,0.0,0.0,0.0
0.0,0.0,0.6885753347471548,1.0,0.0,0.0,0.0
0.0,0.0,0.6836129735215623,1.0,0.0,0.0,0.0
0.0,0.0,0.678611396083121,1.0,0.0,0.0,0.0
0.0,0.0,0.6735706026190744,1.0,0.0,0.0,0.0
0.0,0.0,0.6684905933166647,1.0,0.0,0.0,0.0
0.0,0.0,0.6633713683631334,1.0,0.0,0.0,0.0
0.0,0.0,0.6582129279457207,1.0,0.0,0.0,0.0
0.0,0.0,0.6530152722516666,1.0,0.0,0.0,0.0
0.0,0.0,0.6477784014682094,1.0,0.0,0.0,0.0
0.0,0.0,0.6425023157825872,1.0,0.0,0.0,0.0
0.0,0.0,0.6371870153820368,1.0,0.0,0.0,0.0
0.0,0.0,0.6318325004537942,1.0,0.0,0.0,0.0
0.0,0.0,0.6264387711850947,1.0,0.0,0.0,0.0
0.0,0.0,0.6210058277631724,1.0,0.0,0.0,0.0
0.0,0.0,0.6155336703752605,1.0,0.0,0.0,0.0
0.0,0.0,0.6100222992085917,1.0,0.0,0.0,0.0
0.0,0.0,0.6044717144503975,1.0,0.0,0.0,0.0
0.0,0.0,0.5988819162879084,1.0,0.0,0.0,0.0
0.0,0.0,0.5932529049083544,1.0,0.0,0.0,0.0
0.0,0.0,0.5875846804989642,1.0,0.0,0.0,0.0
0.0,0.0,0.5818772432469659,1.0,0.0,0.0,0.0
0.0,0.0,0.5761305933395865,1.0,0.0,0.0,0.0
0.0,0.0,0.5703447309640522,1.0,0.0,0.0,0.0
0.0,0.0,0.5645196563075884,1.0,0.0,0.0,0.0
0.0,0.0,0.5586553695574193,1.0,0.0,0.0,0.0
0.0,0.0,0.5527518709007686,1.0,0.0,0.0,0.0
0.0,0.0,0.5468091605248588,1.0,0.0,0.0,0.0
0.0,0.0,0.5408272386169117,1.0,0.0,0.0,0.0
0.0,0.0,0.5348061053641481,1.0,0.0,0.0,0.0
0.0,0.0,0.5287457609537879,1.0,0.0,0.0,0.0
0.0,0.0,0.5226462055730501,1.0,0.0,0.0,0.0
0.0,0.0,0.5165074394091529,1.0,0.0,0.0,0.0
0.0,0.0,0.5103294626493136,1.0,0.0,0.0,0.0
0.0,0.0,0.5041122754807484,1.0,0.0,0.0,0.0
0.0,0.0,0.49785587809067305,1.0,0.0,0.0,0.0
0.0,0.0,0.4915602706663019,1.0,0.0,0.0,0.0
0.0,0.0,0.48522545339484874,1.0,0.0,0.0,0.0
0.0,0.0,0.47885142646352624,1.0,0.0,0.0,0.0
0.0,0.0,0.47243819005954635,1.0,0.0,0.0,0.0
0.0,0.0,0.4659857443701201,1.0,0.0,0.0,0.0
0.0,0.0,0.45949408958245747,1.0,0.0,0.0,0.0
0.0,0.0,0.45296322588376775,1.0,0.0,0.0,0.0
0.0,0.0,0.4463931534612593,1.0,0.0,0.0,0.0
0.0,0.0,0.43978387250213946,1.0,0.0,0.0,0.0
0.0,0.0,0.4331353831936148,1.0,0.0,0.0,0.0
0.0,0.0,0.4264476857228909,1.0,0.0,0.0,0.0
0.0,0.0,0.4197207802771725,1.0,0.0,0.0,0.0
0.0,0.0,0.41295466704366357,1.0,0.0,0.0,0.0
0.0,0.0,0.40614934620956694,1.0,0.0,0.0,0.0
0.0,0.0,0.39930481796208467,1.0,0.0,0.0,0.0
0.0,0.0,0.39242108248841795,1.0,0.0,0.0,0.0
0.0,0.0,0.38549813997576704,1.0,0.0,0.0,0.0
0.0,0.0,0.3785359906113313,1.0,0.0,0.0,0.0
0.0,0.0,0.37153463458230923,1.0,0.0,0.0,0.0
0.0,0.0,0.36449407207589846,1.0,0.0,0.0,0.0
0.0,0.0,0.35741430327929563,1.0,0.0,0.0,0.0
0.0,0.0,0.3502953283796965,1.0,0.0,0.0,0.0
0.0,0.0,0.3431371475642961,1.0,0.0,0.0,0.0
0.0,0.0,0.33593976102028833,1.0,0.0,0.0,0.0
0.0,0.0,0.32870316893486634,1.0,0.0,0.0,0.0
0.0,0.0,0.3214273714952224,1.0,0.0,0.0,0.0
0.0,0.0,0.3141123688885477,1.0,0.0,0.0,0.0
0.0,0.0,0.3067581613020328,1.0,0.0,0.0,0.0
0.0,0.0,0.29936474892286724,1.0,0.0,0.0,0.0
0.0,0.0,0.29193213193823964,1.0,0.0,0.0,0.0
0.0,0.0,0.28446031053533777,1.0,0.0,0.0,0.0
0.0,0.0,0.2769492849013485,1.0,0.0,0.0,0.0
0.0,0.0,0.2693990552234578,1.0,0.0,0.0,0.0
0.0,0.0,0.26180962168885075,1.0,0.0,0.0,0.0
0.0,0.0,0.2541809844847115,1.0,0.0,0.0,0.0
0.0,0.0,0.2465131437982233,1.0,0.0,0.0,0.0
0.0,0.0,0.2388060998165686,1.0,0.0,0.0,0.0
0.0,0.0,0.23105985272692892,1.0,0.0,0.0,0.0
0.0,0.0,0.22327440271648483,1.0,0.0,0.0,0.0
0.0,0.0,0.21544974997241603,1.0,0.0,0.0,0.0
0.0,0.0,0.20758589468190136,1.0,0.0,0.0,0.0
0.0,0.0,0.19968283703211875,1.0,0.0,0.0,0.0
0.0,0.0,0.19174057721024523,1.0,0.0,0.0,0.0
0.0,0.0,0.1837591154034569,1.0,0.0,0.0,0.0
0.0,0.0,0.17573845179892905,1.0,0.0,0.0,0.0
0.0,0.0,0.167678586583836,1.0,0.0,0.0,0.0
0.0,0.0,0.15957951994535122,1.0,0.0,0.0,0.0
0.0,0.0,0.15144125207064726,1.0,0.0,0.0,0.0
0.0,0.0,0.1432637831468958,1.0,0.0,0.0,0.0
0.0,0.0,0.13504711336126765,1.0,0.0,0.0,0.0
0.0,0.0,0.12679124290093263,1.0,0.0,0.0,0.0
0.0,0.0,0.11849617195305977,1.0,0.0,0.0,0.0
0.0,0.0,0.11016190070481713,1.0,0.0,0.0,0.0
0.0,0.0,0.10178842934337193,1.0,0.0,0.0,0.0
0.0,0.0,0.09663696585996637,1.0,0.0,0.0,0.0
0.0,0.0,0.09931263092419775,1.0,0.0,0.0,0.0
0.0,0.0,0.10415752010286225,1.0,0.0,0.0,0.0
0.0,0.0,0.10896314624261855,1.0,0.0,0.0,0.0
0.0,0.0,0.11372950953093343,1.0,0.0,0.0,0.0
0.0,0.0,0.11845661015527274,1.0,0.0,0.0,0.0
0.0,0.0,0.12314444830310146,1.0,0.0,0.0,0.0
0.0,0.0,0.12779302416188368,1.0,0.0,0.0,0.0
0.0,0.0,0.13240233791908254,1.0,0.0,0.0,0.0
0.0,0.0,0.13697238976216033,1.0,0.0,0.0,0.0
0.0,0.0,0.14150317987857844,1.0,0.0,0.0,0.0
0.0,0.0,0.14599470845579735,1.0,0.0,0.0,0.0
0.0,0.0,0.15044697568127663,1.0,0.0,0.0,0.0
0.0,0.0,0.154859981742475,1.0,0.0,0.0,0.0
0.0,0.0,0.15923372682685027,1.0,0.0,0.0,0.0
0.0,0.0,0.16356821112185935,1.0,0.0,0.0,0.0
0.0,0.0,0.16786343481495825,1.0,0.0,0.0,0.0
0.0,0.0,0.17211939809360208,1.0,0.0,0.0,0.0
0.0,0.0,0.1763361011452451,1.0,0.0,0.0,0.0
0.0,0.0,0.18051354415734058,1.0,0.0,0.0,0.0
0.0,0.0,0.184651727317341,1.0,0.0,0.0,0.0
0.0,0.0,0.18875065081269787,1.0,0.0,0.0,0.0
0.0,0.0,0.19281031483086183,1.0,0.0,0.0,0.0
0.0,0.0,0.19683071955928266,1.0,0.0,0.0,0.0
0.0,0.0,0.2008118651854092,1.0,0.0,0.0,0.0
0.0,0.0,0.20475375189668937,1.0,0.0,0.0,0.0
0.0,0.0,0.2086563798805703,1.0,0.0,0.0,0.0
0.0,0.0,0.2125197493244981,1.0,0.0,0.0,0.0
0.0,0.0,0.21634386041591808,1.0,0.0,0.0,0.0
0.0,0.0,0.2201287133422746,1.0,0.0,0.0,0.0
0.0,0.0,0.22387430829101115,1.0,0.0,0.0,0.0
0.0,0.0,0.22758064544957032,1.0,0.0,0.0,0.0
0.0,0.0,0.2312477250053938,1.0,0.0,0.0,0.0
0.0,0.0,0.2348755471459224,1.0,0.0,0.0,0.0
0.0,0.0,0.238464112058596,1.0,0.0,0.0,0.0
0.0,0.0,0.24201341993085362,1.0,0.0,0.0,0.0
0.0,0.0,0.24552347095013338,1.0,0.0,0.0,0.0
0.0,0.0,0.2489942653038725,1.0,0.0,0.0,0.0
0.0,0.0,0.2524258031795073,1.0,0.0,0.0,0.0
0.0,0.0,0.2558180847644732,1.0,0.0,0.0,0.0
0.0,0.0,0.25917111024620476,1.0,0.0,0.0,0.0
0.0,0.0,0.2624848798121356,1.0,0.0,0.0,0.0
0.0,0.0,0.2657593936496984,1.0,0.0,0.0,0.0
0.0,0.0,0.2689946519463251,1.0,0.0,0.0,0.0
0.0,0.0,0.27219065488944666,1.0,0.0,0.0,0.0
0.0,0.0,0.2753474026664931,1.0,0.0,0.0,0.0
0.0,0.0,0.27846489546489356,1.0,0.0,0.0,0.0
0.0,0.0,0.2815431334720763,1.0,0.0,0.0,0.0
0.0,0.0,0.2845821168754688,1.0,0.0,0.0,0.0
0.0,0.0,0.28758184586249746,1.0,0.0,0.0,0.0
0.0,0.0,0.2905423206205879,1.0,0.0,0.0,0.0
0.0,0.0,0.29346354133716474,1.0,0.0,0.0,0.0
0.0,0.0,0.29634550819965183,1.0,0.0,0.0,0.0
0.0,0.0,0.2991882213954721,1.0,0.0,0.0,0.0
0.0,0.0,0.30199168111204744,1.0,0.0,0.0,0.0
0.0,0.0,0.30475588753679905,1.0,0.0,0.0,0.0
0.0,0.0,0.30748084085714716,1.0,0.0,0.0,0.0
0.0,0.0,0.3101665412605111,1.0,0.0,0.0,0.0
0.0,0.0,0.3128129889343092,1.0,0.0,0.0,0.0
0.0,0.0,0.31542018406595906,1.0,0.0,0.0,0.0
0.0,0.0,0.3179881268428773,1.0,0.0,0.0,0.0
0.0,0.0,0.3205168174524797,1.0,0.0,0.0,0.0
0.0,0.0,0.32300625608218103,1.0,0.0,0.0,0.0
0.0,0.0,0.3254564429193953,1.0,0.0,0.0,0.0
0.0,0.0,0.32786737815153555,1.0,0.0,0.0,0.0
0.0,0.0,0.33023906196601394,1.0,0.0,0.0,0.0
0.0,0.0,0.33257149455024176,1.0,0.0,0.0,0.0
0.0,0.0,0.33486467609162934,1.0,0.0,0.0,0.0
0.0,0.0,0.3371186067775862,1.0,0.0,0.0,0.0
0.0,0.0,0.3393332867955209,1.0,0.0,0.0,0.0
0.0,0.0,0.3415087163328411,1.0,0.0,0.0,0.0
0.0,0.0,0.3436448955769536,1.0,0.0,0.0,0.0
0.0,0.0,0.3457418247152644,1.0,0.0,0.0,0.0
0.0,0.0,0.34779950393517833,1.0,0.0,0.0,0.0
0.0,0.0,0.3498179334240996,1.0,0.0,0.0,0.0
0.0,0.0,0.3517971133694315,1.0,0.0,0.0,0.0
0.0,0.0,0.3537370439585762,1.0,0.0,0.0,0.0
0.0,0.0,0.3556377253789352,1.0,0.0,0.0,0.0
0.0,0.0,0.357499157817909,1.0,0.0,0.0,0.0
0.0,0.0,0.35932134146289724,1.0,0.0,0.0,0.0
0.0,0.0,0.36110427650129867,1.0,0.0,0.0,0.0
0.0,0.0,0.36284796312051115,1.0,0.0,0.0,0.0
0.0,0.0,0.3645524015079316,1.0,0.0,0.0,0.0
0.0,0.0,0.36621759185095615,1.0,0.0,0.0,0.0
0.0,0.0,0.36784353433697986,1.0,0.0,0.0,0.0
0.0,0.0,0.36943022915339707,1.0,0.0,0.0,0.0
0.0,0.0,0.3709776764876011,1.0,0.0,0.0,0.0
0.0,0.0,0.37248587652698445,1.0,0.0,0.0,0.0
0.0,0.0,0.3739548294589387,1.0,0.0,0.0,0.0
0.0,0.0,0.37538453547085454,1.0,0.0,0.0,0.0
0.0,0.0,0.37677499475012177,1.0,0.0,0.0,0.0
0.0,0.0,0.3781262074841293,1.0,0.0,0.0,0.0
0.0,0.0,0.37943817386026507,1.0,0.0,0.0,0.0
0.0,0.0,0.38071089406591624,1.0,0.0,0.0,0.0
0.0,0.0,0.381944368288469,1.0,0.0,0.0,0.0
0.0,0.0,0.3831385967153087,1.0,0.0,0.0,0.0
0.0,0.0,0.3842935795338197,1.0,0.0,0.0,0.0
0.0,0.0,0.3854093169313856,1.0,0.0,0.0,0.0
0.0,0.0,0.386485809095389,1.0,0.0,0.0,0.0
0.0,0.0,0.38752305621321165,1.0,0.0,0.0,0.0
0.0,0.0,0.3885210584722344,1.0,0.0,0.0,0.0
0.0,0.0,0.38947981605983717,1.0,0.0,0.0,0.0
0.0,0.0,0.39039932916339903,1.0,0.0,0.0,0.0
0.0,0.0,0.39127959797029815,1.0,0.0,0.0,0.0
0.0,0.0,0.3921206226679118,1.0,0.0,0.0,0.0
0.0,0.0,0.3929224034436164,1.0,0.0,0.0,0.0
0.0,0.0,0.39368494048478736,1.0,0.0,0.0,0.0
0.0,0.0,0.39440823397879926,1.0,0.0,0.0,0.0
0.0,0.0,0.3950922841130258,1.0,0.0,0.0,0.0
0.0,0.0,0.39573709107483984,1.0,0.0,0.0,0.0
0.0,0.0,0.3963426550516132,1.0,0.0,0.0,0.0
0.0,0.0,0.3969089762307169,1.0,0.0,0.0,0.0
0.0,0.0,0.39743605479952104,1.0,0.0,0.0,0.0
0.0,0.0,0.3979238909453949,1.0,0.0,0.0,0.0
0.0,0.0,0.3983724848557067,1.0,0.0,0.0,0.0
0.0,0.0,0.3987818367178239,1.0,0.0,0.0,0.0
0.0,0.0,0.3991519467191131,1.0,0.0,0.0,0.0
0.0,0.0,0.39948281504693983,1.0,0.0,0.0,0.0
0.0,0.0,0.3997744418886689,1.0,0.0,0.0,0.0
0.0,0.0,0.4000268274316641,1.0,0.0,0.0,0.0
0.0,0.0,0.4002399718632885,1.0,0.0,0.0,0.0
0.0,0.0,0.40041387537090406,1.0,0.0,0.0,0.0
0.0,0.0,0.40054853814187197,1.0,0.0,0.0,0.0
0.0,0.0,0.4006439603635525,1.0,0.0,0.0,0.0
0.0,0.0,0.400700142223305,1.0,0.0,0.0,0.0
0.0,0.0,0.400717083908488,1.0,0.0,0.0,0.0
0.0,0.0,0.400694785606459,1.0,0.0,0.0,0.0
0.0,0.0,0.4006332475045748,1.0,0.0,0.0,0.0
0.0,0.0,0.40053246979019114,1.0,0.0,0.0,0.0
0.0,0.0,0.4003924526506629,1.0,0.0,0.0,0.0
0.0,0.0,0.4002131962733441,1.0,0.0,0.0,0.0
0.0,0.0,0.3999947008455879,1.0,0.0,0.0,0.0
0.0,0.0,0.3997369665547465,1.0,0.0,0.0,0.0
0.0,0.0,0.39943999358817117,1.0,0.0,0.0,0.0
0.0,0.0,0.39910378213321235,1.0,0.0,0.0,0.0
0.0,0.0,0.3987283323772196,1.0,0.0,0.0,0.0
0.0,0.0,0.3983136445075416,1.0,0.0,0.0,0.0
0.0,0.0,0.39785971871152603,1.0,0.0,0.0,0.0
0.0,0.0,0.39736655517651975,1.0,0.0,0.0,0.0
0.0,0.0,0.3968341540898687,1.0,0.0,0.0,0.0
0.0,0.0,0.396262515638918,1.0,0.0,0.0,0.0
0.0,0.0,0.39565164001101183,1.0,0.0,0.0,0.0
0.0,0.0,0.39500152739349337,1.0,0.0,0.0,0.0
0.0,0.0,0.39431217797370505,1.0,0.0,0.0,0.0
0.0,0.0,0.3935835919389884,1.0,0.0,0.0,0.0
0.0,0.0,0.39281576947668395,1.0,0.0,0.0,0.0
0.0,0.0,0.3920087107741314,1.0,0.0,0.0,0.0
0.0,0.0,0.3911624160186696,1.0,0.0,0.0,0.0
0.0,0.0,0.39027688539763633,1.0,0.0,0.0,0.0
0.0,0.0,0.3893521190983687,1.0,0.0,0.0,0.0
0.0,0.0,0.38838811730820283,1.0,0.0,0.0,0.0
0.0,0.0,0.3873848802144739,1.0,0.0,0.0,0.0
0.0,0.0,0.3863424080045163,1.0,0.0,0.0,0.0
0.0,0.0,0.3852607008656634,1.0,0.0,0.0,0.0
0.0,0.0,0.38413975898524777,1.0,0.0,0.0,0.0
0.0,0.0,0.38297958255060105,1.0,0.0,0.0,0.0
0.0,0.0,0.381780171749054,1.0,0.0,0.0,0.0
0.0,0.0,0.38054152676793646,1.0,0.0,0.0,0.0
0.0,0.0,0.3792636477945774,1.0,0.0,0.0,0.0
0.0,0.0,0.3779465350163049,1.0,0.0,0.0,0.0
0.0,0.0,0.3765901886204461,1.0,0.0,0.0,0.0
0.0,0.0,0.37519460879432726,1.0,0.0,0.0,0.0
0.0,0.0,0.3737597957252738,1.0,0.0,0.0,0.0
0.0,0.0,0.3722857496006102,1.0,0.0,0.0,0.0
0.0,0.0,0.3707724706076601,1.0,0.0,0.0,0.0
0.0,0.0,0.36921995893374615,1.0,0.0,0.0,0.0
0.0,0.0,0.3676282147661902,1.0,0.0,0.0,0.0
0.0,0.0,0.36599723829231307,1.0,0.0,0.0,0.0
0.0,0.0,0.36432702969943487,1.0,0.0,0.0,0.0
0.0,0.0,0.3626175891748747,1.0,0.0,0.0,0.0
0.0,0.0,0.36086891690595074,1.0,0.0,0.0,0.0
0.0,0.0,0.35908101307998036,1.0,0.0,0.0,0.0
0.0,0.0,0.35725387788428004,1.0,0.0,0.0,0.0
0.0,0.0,0.35538751150616527,1.0,0.0,0.0,0.0
0.0,0.0,0.3534819141329507,1.0,0.0,0.0,0.0
0.0,0.0,0.35153708595195016,1.0,0.0,0.0,0.0
0.0,0.0,0.3495530271504764,1.0,0.0,0.0,0.0
0.0,0.0,0.34752973791584146,1.0,0.0,0.0,0.0
0.0,0.0,0.3454672184353564,1.0,0.0,0.0,0.0
0.0,0.0,0.34336546889633135,1.0,0.0,0.0,0.0
0.0,0.0,0.3412244894860757,1.0,0.0,0.0,0.0
0.0,0.0,0.33904428039189777,1.0,0.0,0.0,0.0
0.0,0.0,0.33682484180110506,1.0,0.0,0.0,0.0
0.0,0.0,0.3345661739010042,1.0,0.0,0.0,0.0
0.0,0.0,0.33226827687890087,1.0,0.0,0.0,0.0
0.0,0.0,0.3299311509220999,1.0,0.0,0.0,0.0
0.0,0.0,0.3275547962179052,1.0,0.0,0.0,0.0
0.0,0.0,0.32513921295361975,1.0,0.0,0.0,0.0
0.0,0.0,0.32268440131654574,1.0,0.0,0.0,0.0
0.0,0.0,0.3201903614939844,1.0,0.0,0.0,0.0
0.0,0.0,0.3176570936732361,1.0,0.0,0.0,0.0
0.0,0.0,0.3150845980416002,1.0,0.0,0.0,0.0
0.0,0.0,0.3124728747863753,1.0,0.0,0.0,0.0
0.0,0.0,0.3098219240948591,1.0,0.0,0.0,0.0
0.0,0.0,0.3071317461543483,1.0,0.0,0.0,0.0
0.0,0.0,0.3044023411521388,1.0,0.0,0.0,0.0
0.0,0.0,0.3016337092755256,1.0,0.0,0.0,0.0
0.0,0.0,0.29882585071180273,1.0,0.0,0.0,0.0
0.0,0.0,0.2959787656482634,1.0,0.0,0.0,0.0
0.0,0.0,0.29309245427219993,1.0,0.0,0.0,0.0
0.0,0.0,0.29016691677090367,1.0,0.0,0.0,0.0
0.0,0.0,0.28720215333166516,1.0,0.0,0.0,0.0
0.0,0.0,0.284198164141774,1.0,0.0,0.0,0.0
0.0,0.0,0.2811549493885189,1.0,0.0,0.0,0.0
0.0,0.0,0.2780725092591877,1.0,0.0,0.0,0.0
0.0,0.0,0.2749508439410673,1.0,0.0,0.0,0.0
0.0,0.0,0.27178995362144376,1.0,0.0,0.0,0.0
0.0,0.0,0.2685898384876022,1.0,0.0,0.0,0.0
0.0,0.0,0.26535049872682687,1.0,0.0,0.0,0.0
0.0,0.0,0.26207193452640115,1.0,0.0,0.0,0.0
0.0,0.0,0.25875414607360747,1.0,0.0,0.0,0.0
0.0,0.0,0.2553971335557274,1.0,0.0,0.0,0.0
0.0,0.0,0.2520008971600416,1.0,0.0,0.0,0.0
0.0,0.0,0.24856543707382983,1.0,0.0,0.0,0.0
0.0,0.0,0.24509075348437098,1.0,0.0,0.0,0.0
0.0,0.0,0.24157684657894304,1.0,0.0,0.0,0.0
0.0,0.0,0.2380237165448231,1.0,0.0,0.0,0.0
0.0,0.0,0.23443136356928737,1.0,0.0,0.0,0.0
0.0,0.0,0.23079978783961114,1.0,0.0,0.0,0.0
0.0,0.0,0.22712898954306882,1.0,0.0,0.0,0.0
0.0,0.0,0.22341896886693394,1.0,0.0,0.0,0.0
0.0,0.0,0.2196697259984791,1.0,0.0,0.0,0.0
0.0,0.0,0.21588126112497602,1.0,0.0,0.0,0.0
0.0,0.0,0.21205357443369557,1.0,0.0,0.0,0.0
0.0,0.0,0.20818666611190767,1.0,0.0,0.0,0.0
0.0,0.0,0.20428053634688134,1.0,0.0,0.0,0.0
0.0,0.0,0.20033518532588476,1.0,0.0,0.0,0.0
0.0,0.0,0.1963506132361852,1.0,0.0,0.0,0.0
0.0,0.0,0.19232682026504896,1.0,0.0,0.0,0.0
0.0,0.0,0.18826380659974157,1.0,0.0,0.0,0.0
0.0,0.0,0.18416157242752756,1.0,0.0,0.0,0.0
0.0,0.0,0.18002011793567063,1.0,0.0,0.0,0.0
0.0,0.0,0.17583944331143356,1.0,0.0,0.0,0.0
0.0,0.0,0.17161954874207824,1.0,0.0,0.0,0.0
0.0,0.0,0.1673604344148657,1.0,0.0,0.0,0.0
0.0,0.0,0.163062100517056,1.0,0.0,0.0,0.0
0.0,0.0,0.15872454723590834,1.0,0.0,0.0,0.0
0.0,0.0,0.15434777475868108,1.0,0.0,0.0,0.0
0.0,0.0,0.14993178327263162,1.0,0.0,0.0,0.0
0.0,0.0,0.14547657296501648,1.0,0.0,0.0,0.0
0.0,0.0,0.14098214402309128,1.0,0.0,0.0,0.0
0.0,0.0,0.1364484966341108,1.0,0.0,0.0,0.0
0.0,0.0,0.13187563098532884,1.0,0.0,0.0,0.0
0.0,0.0,0.12726354726399838,1.0,0.0,0.0,0.0
0.0,0.0,0.12261224565737147,1.0,0.0,0.0,0.0
0.0,0.0,0.11792172635269926,1.0,0.0,0.0,0.0
0.0,0.0,0.11319198953723203,1.0,0.0,0.0,0.0
0.0,0.0,0.10842303539821914,1.0,0.0,0.0,0.0
0.0,0.0,0.10361486412290907,1.0,0.0,0.0,0.0
0.0,0.0,0.09876747589854942,1.0,0.0,0.0,0.0
0.0,0.0,0.09833779475482932,1.0,0.0,0.0,0.0
0.0,0.0,0.10117749827600922,1.0,0.0,0.0,0.0
0.0,0.0,0.10398750296711853,1.0,0.0,0.0,0.0
0.0,0.0,0.10675825433515423,1.0,0.0,0.0,0.0
0.0,0.0,0.10948975256753668,1.0,0.0,0.0,0.0
0.0,0.0,0.11218199785168534,1.0,0.0,0.0,0.0
0.0,0.0,0.11483499037501878,1.0,0.0,0.0,0.0
0.0,0.0,0.11744873032495469,1.0,0.0,0.0,0.0
0.0,0.0,0.12002321788890985,1.0,0.0,0.0,0.0
0.0,0.0,0.12255845325430016,1.0,0.0,0.0,0.0
0.0,0.0,0.12505443660854063,1.0,0.0,0.0,0.0
0.0,0.0,0.1275111681390453,1.0,0.0,0.0,0.0
0.0,0.0,0.12992864803322746,1.0,0.0,0.0,0.0
0.0,0.0,0.13230687647849934,1.0,0.0,0.0,0.0
0.0,0.0,0.1346458536622724,1.0,0.0,0.0,0.0
0.0,0.0,0.13694557977195718,1.0,0.0,0.0,0.0
0.0,0.0,0.13920605499496325,1.0,0.0,0.0,0.0
0.0,0.0,0.14142727951869938,1.0,0.0,0.0,0.0
0.0,0.0,0.1436092535305734,1.0,0.0,0.0,0.0
0.0,0.0,0.14575197721799227,1.0,0.0,0.0,0.0
0.0,0.0,0.147855450768362,1.0,0.0,0.0,0.0
0.0,0.0,0.14991967436908776,1.0,0.0,0.0,0.0
0.0,0.0,0.1519446482075738,1.0,0.0,0.0,0.0
0.0,0.0,0.15393037247122351,1.0,0.0,0.0,0.0
0.0,0.0,0.15587684734743934,1.0,0.0,0.0,0.0
0.0,0.0,0.15778407302362285,1.0,0.0,0.0,0.0
0.0,0.0,0.15965204968717475,1.0,0.0,0.0,0.0
0.0,0.0,0.1614807775254948,1.0,0.0,0.0,0.0
0.0,0.0,0.1632702567259819,1.0,0.0,0.0,0.0
0.0,0.0,0.165020487476034,1.0,0.0,0.0,0.0
0.0,0.0,0.16673146996304827,1.0,0.0,0.0,0.0
0.0,0.0,0.16840320437442088,1.0,0.0,0.0,0.0
0.0,0.0,0.17003569089754714,1.0,0.0,0.0,0.0
0.0,0.0,0.17162892971982147,1.0,0.0,0.0,0.0
0.0,0.0,0.1731829210286374,1.0,0.0,0.0,0.0
0.0,0.0,0.1746976650113875,1.0,0.0,0.0,0.0
0.0,0.0,0.17617316185546358,1.0,0.0,0.0,0.0
0.0,0.0,0.17760941174825645,1.0,0.0,0.0,0.0
0.0,0.0,0.17900641487715602,1.0,0.0,0.0,0.0
0.0,0.0,0.18036417142955136,1.0,0.0,0.0,0.0
0.0,0.0,0.18168268159283063,1.0,0.0,0.0,0.0
0.0,0.0,0.18296194555438108,1.0,0.0,0.0,0.0
0.0,0.0,0.18420196350158907,1.0,0.0,0.0,0.0
0.0,0.0,0.18540273562184006,1.0,0.0,0.0,0.0
0.0,0.0,0.18656426210251864,1.0,0.0,0.0,0.0
0.0,0.0,0.1876865431310085,1.0,0.0,0.0,0.0
0.0,0.0,0.1887695788946924,1.0,0.0,0.0,0.0
0.0,0.0,0.18981336958095224,1.0,0.0,0.0,0.0
0.0,0.0,0.190817915377169,1.0,0.0,0.0,0.0
0.0,0.0,0.19178321647072277,1.0,0.0,0.0,0.0
0.0,0.0,0.1927092730489928,1.0,0.0,0.0,0.0
0.0,0.0,0.19359608529935737,1.0,0.0,0.0,0.0
0.0,0.0,0.1944436534091939,1.0,0.0,0.0,0.0
0.0,0.0,0.19525197756587892,1.0,0.0,0.0,0.0
0.0,0.0,0.19602105795678804,1.0,0.0,0.0,0.0
0.0,0.0,0.196750894769296,1.0,0.0,0.0,0.0
0.0,0.0,0.19744148819077664,1.0,0.0,0.0,0.0
0.0,0.0,0.19809283840860292,1.0,0.0,0.0,0.0
0.0,0.0,0.19870494561014687,1.0,0.0,0.0,0.0
0.0,0.0,0.19927780998277964,1.0,0.0,0.0,0.0
0.0,0.0,0.19981143171387147,1.0,0.0,0.0,0.0
0.0,0.0,0.20030581099079175,1.0,0.0,0.0,0.0
0.0,0.0,0.20076094800090896,1.0,0.0,0.0,0.0
0.0,0.0,0.20117684293159066,1.0,0.0,0.0,0.0
0.0,0.0,0.20155349597020353,1.0,0.0,0.0,0.0
0.0,0.0,0.20189090730411335,1.0,0.0,0.0,0.0
0.0,0.0,0.202189077120685,1.0,0.0,0.0,0.0
0.0,0.0,0.20244800560728252,1.0,0.0,0.0,0.0
0.0,0.0,0.20266769295126896,1.0,0.0,0.0,0.0
0.0,0.0,0.20284813934000656,1.0,0.0,0.0,0.0
0.0,0.0,0.20298934496085663,1.0,0.0,0.0,0.0
0.0,0.0,0.20309131000117958,1.0,0.0,0.0,0.0
0.0,0.0,0.20315403464833495,1.0,0.0,0.0,0.0
0.0,0.0,0.20317751908968135,1.0,0.0,0.0,0.0
0.0,0.0,0.2031617635125765,1.0,0.0,0.0,0.0
0.0,0.0,0.20310676810437728,1.0,0.0,0.0,0.0
0.0,0.0,0.2030125330524396,1.0,0.0,0.0,0.0
0.0,0.0,0.20287905854411856,1.0,0.0,0.0,0.0
0.0,0.0,0.20270634476676827,1.0,0.0,0.0,0.0
0.0,0.0,0.202494391907742,1.0,0.0,0.0,0.0
0.0,0.0,0.2022432001543921,1.0,0.0,0.0,0.0
0.0,0.0,0.20195276969407008,1.0,0.0,0.0,0.0
0.0,0.0,0.2016231007141265,1.0,0.0,0.0,0.0
0.0,0.0,0.20125419340191106,1.0,0.0,0.0,0.0
0.0,0.0,0.2008460479447725,1.0,0.0,0.0,0.0
0.0,0.0,0.20039866453005878,1.0,0.0,0.0,0.0
0.0,0.0,0.19991204334511686,1.0,0.0,0.0,0.0
0.0,0.0,0.19938618457729285,1.0,0.0,0.0,0.0
0.0,0.0,0.19882108841393195,1.0,0.0,0.0,0.0
0.0,0.0,0.1982167550423785,1.0,0.0,0.0,0.0
0.0,0.0,0.19757318464997592,1.0,0.0,0.0,0.0
0.0,0.0,0.19689037742406673,1.0,0.0,0.0,0.0
0.0,0.0,0.19616833355199256,1.0,0.0,0.0,0.0
0.0,0.0,0.19540705322109417,1.0,0.0,0.0,0.0
0.0,0.0,0.19460653661871136,1.0,0.0,0.0,0.0
0.0,0.0,0.1937667839321831,1.0,0.0,0.0,0.0
0.0,0.0,0.19288779534884748,1.0,0.0,0.0,0.0
0.0,0.0,0.19196957105604162,1.0,0.0,0.0,0.0
0.0,0.0,0.1910121112411018,1.0,0.0,0.0,0.0
0.0,0.0,0.19001541609136335,1.0,0.0,0.0,0.0
0.0,0.0,0.18897948579416082,1.0,0.0,0.0,0.0
0.0,0.0,0.18790432053682776,1.0,0.0,0.0,0.0
0.0,0.0,0.18678992050669685,1.0,0.0,0.0,0.0
0.0,0.0,0.18563628589109987,1.0,0.0,0.0,0.0
0.0,0.0,0.18444341687736776,1.0,0.0,0.0,0.0
0.0,0.0,0.1832113136528305,1.0,0.0,0.0,0.0
0.0,0.0,0.18193997640481718,1.0,0.0,0.0,0.0
0.0,0.0,0.18062940532065605,1.0,0.0,0.0,0.0
0.0,0.0,0.17927960058767442,1.0,0.0,0.0,0.0
0.0,0.0,0.17789056239319873,1.0,0.0,0.0,0.0
0.0,0.0,0.17646229092455448,1.0,0.0,0.0,0.0
0.0,0.0,0.17499478636906635,1.0,0.0,0.0,0.0
0.0,0.0,0.17348804891405806,1.0,0.0,0.0,0.0
0.0,0.0,0.17194207874685247,1.0,0.0,0.0,0.0
0.0,0.0,0.1703568760547715,1.0,0.0,0.0,0.0
0.0,0.0,0.16873244102513626,1.0,0.0,0.0,0.0
0.0,0.0,0.1670687738452669,1.0,0.0,0.0,0.0
0.0,0.0,0.16536587470248268,1.0,0.0,0.0,0.0
0.0,0.0,0.163623743784102,1.0,0.0,0.0,0.0
0.0,0.0,0.1618423812774423,1.0,0.0,0.0,0.0
0.0,0.0,0.1600217873698202,1.0,0.0,0.0,0.0
0.0,0.0,0.1581619622485514,1.0,0.0,0.0,0.0
0.0,0.0,0.15626290610095067,1.0,0.0,0.0,0.0
0.0,0.0,0.15432461911433196,1.0,0.0,0.0,0.0
0.0,0.0,0.15234710147600825,1.0,0.0,0.0,0.0
0.0,0.0,0.15033035337329168,1.0,0.0,0.0,0.0
0.0,0.0,0.14827437499349344,1.0,0.0,0.0,0.0
0.0,0.0,0.14617916652392388,1.0,0.0,0.0,0.0
0.0,0.0,0.14404472815189243,1.0,0.0,0.0,0.0
0.0,0.0,0.14187106006470762,1.0,0.0,0.0,0.0
0.0,0.0,0.13965816244967713,1.0,0.0,0.0,0.0
0.0,0.0,0.13740603549410768,1.0,0.0,0.0,0.0
0.0,0.0,0.13511467938530514,1.0,0.0,0.0,0.0
0.0,0.0,0.13278409431057445,1.0,0.0,0.0,0.0
0.0,0.0,0.1304142804572197,1.0,0.0,0.0,0.0
0.0,0.0,0.12800523801254404,1.0,0.0,0.0,0.0
0.0,0.0,0.1255569671638498,1.0,0.0,0.0,0.0
0.0,0.0,0.1230694680984383,1.0,0.0,0.0,0.0
0.0,0.0,0.12054274100361008,1.0,0.0,0.0,0.0
0.0,0.0,0.11797678606666472,1.0,0.0,0.0,0.0
0.0,0.0,0.11537160347490091,1.0,0.0,0.0,0.0
0.0,0.0,0.11272719341561648,1.0,0.0,0.0,0.0
0.0,0.0,0.11004355607610833,1.0,0.0,0.0,0.0
0.0,0.0,0.10732069164367247,1.0,0.0,0.0,0.0
0.0,0.0,0.10455860030560404,1.0,0.0,0.0,0.0
0.0,0.0,0.10175728224919728,1.0,0.0,0.0,0.0
0.0,0.0,0.09891673766174551,1.0,0.0,0.0,0.0
0.0,0.0,0.09908472676396911,1.0,0.0,0.0,0.0
0.0,0.0,0.10115750415094571,1.0,0.0,0.0,0.0
0.0,0.0,0.1031910317348407,1.0,0.0,0.0,0.0
0.0,0.0,0.10518530970305832,1.0,0.0,0.0,0.0
0.0,0.0,0.10714033824300123,1.0,0.0,0.0,0.0
0.0,0.0,0.10905611754207119,1.0,0.0,0.0,0.0
0.0,0.0,0.11093264778766908,1.0,0.0,0.0,0.0
0.0,0.0,0.11276992916719487,1.0,0.0,0.0,0.0
0.0,0.0,0.11456796186804766,1.0,0.0,0.0,0.0
0.0,0.0,0.11632674607762562,1.0,0.0,0.0,0.0
0.0,0.0,0.11804628198332606,1.0,0.0,0.0,0.0
0.0,0.0,0.11972656977254538,1.0,0.0,0.0,0.0
0.0,0.0,0.12136760963267908,1.0,0.0,0.0,0.0
0.0,0.0,0.12296940175112175,1.0,0.0,0.0,0.0
0.0,0.0,0.12453194631526714,1.0,0.0,0.0,0.0
0.0,0.0,0.12605524351250805,1.0,0.0,0.0,0.0
0.0,0.0,0.1275392935302364,1.0,0.0,0.0,0.0
0.0,0.0,0.12898409655584325,1.0,0.0,0.0,0.0
0.0,0.0,0.1303896527767187,1.0,0.0,0.0,0.0
0.0,0.0,0.13175596238025203,1.0,0.0,0.0,0.0
0.0,0.0,0.13308302555383156,1.0,0.0,0.0,0.0
0.0,0.0,0.13437084248484477,1.0,0.0,0.0,0.0
0.0,0.0,0.13561941336067818,1.0,0.0,0.0,0.0
0.0,0.0,0.13682873836871748,1.0,0.0,0.0,0.0
0.0,0.0,0.13799881769634742,1.0,0.0,0.0,0.0
0.0,0.0,0.1391296515309519,1.0,0.0,0.0,0.0
0.0,0.0,0.14022124005991385,1.0,0.0,0.0,0.0
0.0,0.0,0.14127358347061542,1.0,0.0,0.0,0.0
0.0,0.0,0.14228668195043775,1.0,0.0,0.0,0.0
0.0,0.0,0.14326053568676117,1.0,0.0,0.0,0.0
0.0,0.0,0.14419514486696505,1.0,0.0,0.0,0.0
0.0,0.0,0.1450905096784279,1.0,0.0,0.0,0.0
0.0,0.0,0.14594663030852734,1.0,0.0,0.0,0.0
0.0,0.0,0.14676350694464008,1.0,0.0,0.0,0.0
0.0,0.0,0.14754113977414196,1.0,0.0,0.0,0.0
0.0,0.0,0.14827952898440788,1.0,0.0,0.0,0.0
0.0,0.0,0.1489786747628119,1.0,0.0,0.0,0.0
0.0,0.0,0.14963857729672714,1.0,0.0,0.0,0.0
0.0,0.0,0.15025923677352584,1.0,0.0,0.0,0.0
0.0,0.0,0.15084065338057936,1.0,0.0,0.0,0.0
0.0,0.0,0.15138282730525815,1.0,0.0,0.0,0.0
0.0,0.0,0.15188575873493176,1.0,0.0,0.0,0.0
0.0,0.0,0.15234944785696886,1.0,0.0,0.0,0.0
0.0,0.0,0.1527738948587372,1.0,0.0,0.0,0.0
0.0,0.0,0.1531590999276037,1.0,0.0,0.0,0.0
0.0,0.0,0.15350506325093433,1.0,0.0,0.0,0.0
0.0,0.0,0.15381178501609413,1.0,0.0,0.0,0.0
0.0,0.0,0.15407926541044734,1.0,0.0,0.0,0.0
0.0,0.0,0.15430750462135723,1.0,0.0,0.0,0.0
0.0,0.0,0.1544965028361862,1.0,0.0,0.0,0.0
0.0,0.0,0.1546462602422958,1.0,0.0,0.0,0.0
0.0,0.0,0.1547567770270466,1.0,0.0,0.0,0.0
0.0,0.0,0.15482805337779834,1.0,0.0,0.0,0.0
0.0,0.0,0.15486008948190985,1.0,0.0,0.0,0.0
0.0,0.0,0.15485288552673904,1.0,0.0,0.0,0.0
0.0,0.0,0.15480644169964294,1.0,0.0,0.0,0.0
0.0,0.0,0.1547207581879777,1.0,0.0,0.0,0.0
0.0,0.0,0.15459583517909858,1.0,0.0,0.0,0.0
0.0,0.0,0.15443167286035991,1.0,0.0,0.0,0.0
0.0,0.0,0.15422827141911516,1.0,0.0,0.0,0.0
0.0,0.0,0.15398563104271687,1.0,0.0,0.0,0.0
0.0,0.0,0.15370375191851673,1.0,0.0,0.0,0.0
0.0,0.0,0.1533826342338655,1.0,0.0,0.0,0.0
0.0,0.0,0.15302227817611308,1.0,0.0,0.0,0.0
0.0,0.0,0.15262268393260844,1.0,0.0,0.0,0.0
0.0,0.0,0.15218385169069967,1.0,0.0,0.0,0.0
0.0,0.0,0.15170578163773396,1.0,0.0,0.0,0.0
0.0,0.0,0.1511884739610576,1.0,0.0,0.0,0.0
0.0,0.0,0.15063192884801602,1.0,0.0,0.0,0.0
0.0,0.0,0.1500361464859537,1.0,0.0,0.0,0.0
0.0,0.0,0.14940112706221428,1.0,0.0,0.0,0.0
0.0,0.0,0.14872687076414048,1.0,0.0,0.0,0.0
0.0,0.0,0.14801337777907414,1.0,0.0,0.0,0.0
0.0,0.0,0.14726064829435617,1.0,0.0,0.0,0.0
0.0,0.0,0.14646868249732664,1.0,0.0,0.0,0.0
0.0,0.0,0.14563748057532466,1.0,0.0,0.0,0.0
0.0,0.0,0.1447670427156885,1.0,0.0,0.0,0.0
0.0,0.0,0.1438573691057555,1.0,0.0,0.0,0.0
0.0,0.0,0.14290845993286214,1.0,0.0,0.0,0.0
0.0,0.0,0.14192031538434396,1.0,0.0,0.0,0.0
0.0,0.0,0.14089293564753566,1.0,0.0,0.0,0.0
0.0,0.0,0.139826320909771,1.0,0.0,0.0,0.0
0.0,0.0,0.1387204713583829,1.0,0.0,0.0,0.0
0.0,0.0,0.13757538718070328,1.0,0.0,0.0,0.0
0.0,0.0,0.13639106856406327,1.0,0.0,0.0,0.0
0.0,0.0,0.13516751569579308,1.0,0.0,0.0,0.0
0.0,0.0,0.13390472876322201,1.0,0.0,0.0,0.0
0.0,0.0,0.13260270795367848,1.0,0.0,0.0,0.0
0.0,0.0,0.13126145345449,1.0,0.0,0.0,0.0
0.0,0.0,0.12988096545298317,1.0,0.0,0.0,0.0
0.0,0.0,0.12846124413648374,1.0,0.0,0.0,0.0
0.0,0.0,0.12700228969231653,1.0,0.0,0.0,0.0
0.0,0.0,0.12550410230780548,1.0,0.0,0.0,0.0
0.0,0.0,0.12396668217027365,1.0,0.0,0.0,0.0
0.0,0.0,0.1223900294670432,1.0,0.0,0.0,0.0
0.0,0.0,0.12077414438543535,1.0,0.0,0.0,0.0
0.0,0.0,0.11911902711277048,1.0,0.0,0.0,0.0
0.0,0.0,0.11742467783636805,1.0,0.0,0.0,0.0
0.0,0.0,0.11569109674354663,1.0,0.0,0.0,0.0
0.0,0.0,0.11391828402162392,1.0,0.0,0.0,0.0
0.0,0.0,0.11210623985791668,1.0,0.0,0.0,0.0
0.0,0.0,0.11025496443974081,1.0,0.0,0.0,0.0
0.0,0.0,0.10836445795441131,1.0,0.0,0.0,0.0
0.0,0.0,0.10643472058924228,1.0,0.0,0.0,0.0
0.0,0.0,0.10446575253154691,1.0,0.0,0.0,0.0
0.0,0.0,0.10245755396863752,1.0,0.0,0.0,0.0
0.0,0.0,0.10041012508782554,1.0,0.0,0.0,0.0
0.0,0.0,0.09914799740076564,1.0,0.0,0.0,0.0
0.0,0.0,0.09981516378836246,1.0,0.0,0.0,0.0
0.0,0.0,0.10099286929881408,1.0,0.0,0.0,0.0
0.0,0.0,0.10213132927982796,1.0,0.0,0.0,0.0
0.0,0.0,0.10323054391878726,1.0,0.0,0.0,0.0
0.0,0.0,0.10429051340307424,1.0,0.0,0.0,0.0
0.0,0.0,0.10531123792007027,1.0,0.0,0.0,0.0
0.0,0.0,0.10629271765715581,1.0,0.0,0.0,0.0
0.0,0.0,0.10723495280171043,1.0,0.0,0.0,0.0
0.0,0.0,0.10813794354111282,1.0,0.0,0.0,0.0
0.0,0.0,0.10900169006274077,1.0,0.0,0.0,0.0
0.0,0.0,0.10982619255397115,1.0,0.0,0.0,0.0
0.0,0.0,0.11061145120217997,1.0,0.0,0.0,0.0
0.0,0.0,0.11135746619474232,1.0,0.0,0.0,0.0
0.0,0.0,0.11206423771903241,1.0,0.0,0.0,0.0
0.0,0.0,0.11273176596242357,1.0,0.0,0.0,0.0
0.0,0.0,0.1133600511122882,1.0,0.0,0.0,0.0
0.0,0.0,0.11394909335599782,1.0,0.0,0.0,0.0
0.0,0.0,0.11449889288092306,1.0,0.0,0.0,0.0
0.0,0.0,0.11500944987443365,1.0,0.0,0.0,0.0
0.0,0.0,0.11548076452389844,1.0,0.0,0.0,0.0
0.0,0.0,0.11591283701668537,1.0,0.0,0.0,0.0
0.0,0.0,0.11630566754016147,1.0,0.0,0.0,0.0
0.0,0.0,0.11665925628169292,1.0,0.0,0.0,0.0
0.0,0.0,0.11697360342864498,1.0,0.0,0.0,0.0
0.0,0.0,0.117248709168382,1.0,0.0,0.0,0.0
0.0,0.0,0.11748457368826745,1.0,0.0,0.0,0.0
0.0,0.0,0.11768119717566392,1.0,0.0,0.0,0.0
0.0,0.0,0.11783857981793307,1.0,0.0,0.0,0.0
0.0,0.0,0.1179567218024357,1.0,0.0,0.0,0.0
0.0,0.0,0.11803562331653171,1.0,0.0,0.0,0.0
0.0,0.0,0.11807528454758008,1.0,0.0,0.0,0.0
0.0,0.0,0.11807570568293893,1.0,0.0,0.0,0.0
0.0,0.0,0.11803688690996546,1.0,0.0,0.0,0.0
0.0,0.0,0.11795882841601599,1.0,0.0,0.0,0.0
0.0,0.0,0.11784153038844593,1.0,0.0,0.0,0.0
0.0,0.0,0.11768499301460981,1.0,0.0,0.0,0.0
0.0,0.0,0.11748921648186127,1.0,0.0,0.0,0.0
0.0,0.0,0.11725420097755303,1.0,0.0,0.0,0.0
0.0,0.0,0.11697994668903694,1.0,0.0,0.0,0.0
0.0,0.0,0.11666645380366394,1.0,0.0,0.0,0.0
0.0,0.0,0.11631372250878409,1.0,0.0,0.0,0.0
0.0,0.0,0.11592175299174655,1.0,0.0,0.0,0.0
0.0,0.0,0.11549054543989958,1.0,0.0,0.0,0.0
0.0,0.0,0.11502010004059053,1.0,0.0,0.0,0.0
0.0,0.0,0.1145104169811659,1.0,0.0,0.0,0.0
0.0,0.0,0.11396149644897126,1.0,0.0,0.0,0.0
0.0,0.0,0.1133733386313513,1.0,0.0,0.0,0.0
0.0,0.0,0.1127459437156498,1.0,0.0,0.0,0.0
0.0,0.0,0.11207931188920967,1.0,0.0,0.0,0.0
0.0,0.0,0.1113734433393729,1.0,0.0,0.0,0.0
0.0,0.0,0.11062833825348059,1.0,0.0,0.0,0.0
0.0,0.0,0.10984399681887297,1.0,0.0,0.0,0.0
0.0,0.0,0.10902041922288935,1.0,0.0,0.0,0.0
0.0,0.0,0.10815760565286817,1.0,0.0,0.0,0.0
0.0,0.0,0.10725555629614693,1.0,0.0,0.0,0.0
0.0,0.0,0.10631427134006229,1.0,0.0,0.0,0.0
0.0,0.0,0.10533375097194997,1.0,0.0,0.0,0.0
0.0,0.0,0.10431399537914483,1.0,0.0,0.0,0.0
0.0,0.0,0.10325500474898082,1.0,0.0,0.0,0.0
0.0,0.0,0.10215677926879099,1.0,0.0,0.0,0.0
0.0,0.0,0.1010193191259075,1.0,0.0,0.0,0.0
0.0,0.0,0.09984262450766164,1.0,0.0,0.0,0.0
0.0,0.0,0.09953865319593934,1.0,0.0,0.0,0.0
0.0,0.0,0.10011170348161308,1.0,0.0,0.0,0.0
0.0,0.0,0.10073466159366631,1.0,0.0,0.0,0.0
0.0,0.0,0.10131837682499921,1.0,0.0,0.0,0.0
0.0,0.0,0.10186284936298227,1.0,0.0,0.0,0.0
0.0,0.0,0.10236807939498513,1.0,0.0,0.0,0.0
0.0,0.0,0.10283406710837648,1.0,0.0,0.0,0.0
0.0,0.0,0.10326081269052415,1.0,0.0,0.0,0.0
0.0,0.0,0.10364831632879506,1.0,0.0,0.0,0.0
0.0,0.0,0.10399657821055527,1.0,0.0,0.0,0.0
0.0,0.0,0.1043055985231699,1.0,0.0,0.0,0.0
0.0,0.0,0.1045753774540032,1.0,0.0,0.0,0.0
0.0,0.0,0.1048059151904185,1.0,0.0,0.0,0.0
0.0,0.0,0.10499721191977827,1.0,0.0,0.0,0.0
0.0,0.0,0.10514926782944407,1.0,0.0,0.0,0.0
0.0,0.0,0.10526208310677657,1.0,0.0,0.0,0.0
0.0,0.0,0.10533565793913553,1.0,0.0,0.0,0.0
0.0,0.0,0.10536999251387984,1.0,0.0,0.0,0.0
0.0,0.0,0.10536508701836747,1.0,0.0,0.0,0.0
0.0,0.0,0.1053209416399555,1.0,0.0,0.0,0.0
0.0,0.0,0.10523755656600015,1.0,0.0,0.0,0.0
0.0,0.0,0.10511493198385669,1.0,0.0,0.0,0.0
0.0,0.0,0.10495306808087954,1.0,0.0,0.0,0.0
0.0,0.0,0.10475196504442219,1.0,0.0,0.0,0.0
0.0,0.0,0.10451162306183728,1.0,0.0,0.0,0.0
0.0,0.0,0.10423204232047652,1.0,0.0,0.0,0.0
0.0,0.0,0.10391322300769072,1.0,0.0,0.0,0.0
0.0,0.0,0.10355516531082984,1.0,0.0,0.0,0.0
0.0,0.0,0.10315786941724289,1.0,0.0,0.0,0.0
0.0,0.0,0.10272133551427803,1.0,0.0,0.0,0.0
0.0,0.0,0.1022455637892825,1.0,0.0,0.0,0.0
0.0,0.0,0.10173055442960265,1.0,0.0,0.0,0.0
0.0,0.0,0.10117630762258394,1.0,0.0,0.0,0.0
0.0,0.0,0.10058282355557092,1.0,0.0,0.0,0.0
0.0,0.0,0.09995010241590728,1.0,0.0,0.0,0.0
0.0,0.0,0.09972979875062588,1.0,0.0,0.0,0.0
0.0,0.0,0.10001731737720193,1.0,0.0,0.0,0.0
0.0,0.0,0.10034481466944165,1.0,0.0,0.0,0.0
0.0,0.0,0.10063307049167916,1.0,0.0,0.0,0.0
0.0,0.0,0.10088208503127824,1.0,0.0,0.0,0.0
0.0,0.0,0.10109185847560176,1.0,0.0,0.0,0.0
0.0,0.0,0.1012623910120117,1.0,0.0,0.0,0.0
0.0,0.0,0.10139368282786916,1.0,0.0,0.0,0.0
0.0,0.0,0.10148573411053431,1.0,0.0,0.0,0.0
0.0,0.0,0.10153854504736647,1.0,0.0,0.0,0.0
0.0,0.0,0.10155211582572403,1.0,0.0,0.0,0.0
0.0,0.0,0.1015264466329645,1.0,0.0,0.0,0.0
0.0,0.0,0.1014615376564445,1.0,0.0,0.0,0.0
0.0,0.0,0.10135738908351974,1.0,0.0,0.0,0.0
0.0,0.0,0.10121400110154505,1.0,0.0,0.0,0.0
0.0,0.0,0.10103137389787435,1.0,0.0,0.0,0.0
0.0,0.0,0.1008095076598607,1.0,0.0,0.0,0.0
0.0,0.0,0.10054840257485621,1.0,0.0,0.0,0.0
0.0,0.0,0.10024805883021215,1.0,0.0,0.0,0.0
0.0,0.0,0.09990847661327887,1.0,0.0,0.0,0.0
0.0,0.0,0.09985639080336724,1.0,0.0,0.0,0.0
0.0,0.0,0.1000532205534201,1.0,0.0,0.0,0.0
0.0,0.0,0.10023114491199003,1.0,0.0,0.0,0.0
0.0,0.0,0.10036982851471421,1.0,0.0,0.0,0.0
0.0,0.0,0.10046927154895299,1.0,0.0,0.0,0.0
0.0,0.0,0.10052947420206584,1.0,0.0,0.0,0.0
0.0,0.0,0.10055043666141134,1.0,0.0,0.0,0.0
0.0,0.0,0.10053215911434715,1.0,0.0,0.0,0.0
0.0,0.0,0.10047464174823006,1.0,0.0,0.0,0.0
0.0,0.0,0.10037788475041597,1.0,0.0,0.0,0.0
0.0,0.0,0.10024188830825985,1.0,0.0,0.0,0.0
0.0,0.0,0.10006665260911582,1.0,0.0,0.0,0.0
0.0,0.0,0.09991902998804308,1.0,0.0,0.0,0.0
0.0,0.0,0.0999567470794963,1.0,0.0,0.0,0.0
0.0,0.0,0.10006154633795401,1.0,0.0,0.0,0.0
0.0,0.0,0.10012710518971174,1.0,0.0,0.0,0.0
0.0,0.0,0.1001534238221282,1.0,0.0,0.0,0.0
0.0,0.0,0.1001405024225612,1.0,0.0,0.0,0.0
0.0,0.0,0.10008834117836764,1.0,0.0,0.0,0.0
0.0,0.0,0.09999694027690353,1.0,0.0,0.0,0.0
0.0,0.0,0.09995501911590943,1.0,0.0,0.0,0.0
0.0,0.0,0.09999913101024398,1.0,0.0,0.0,0.0
0.0,0.0,0.1000351147702768,1.0,0.0,0.0,0.0
0.0,0.0,0.10003185845217866,1.0,0.0,0.0,0.0
0.0,0.0,0.0999893622433067,1.0,0.0,0.0,0.0
0.0,0.0,0.09997690816327721,1.0,0.0,0.0,0.0
0.0,0.0,0.10000472686439661,1.0,0.0,0.0,0.0
0.0,0.0,0.10000872137570617,1.0,0.0,0.0,0.0
0.0,0.0,0.09998635683220622,1.0,0.0,0.0,0.0
0.0,0.0,0.09999256390979491,1.0,0.0,0.0,0.0
0.0,0.0,0.09999936931715057,1.0,0.0,0.0,0.0
0.0,0.0,0.099999568126117,1.0,0.0,0.0,0.0
0.0,0.0,0.09999387374218333,1.0,0.0,0.0,0.0
0.0,0.0,0.09999042401632327,1.0,0.0,0.0,0.0
0.0,0.0,0.09999732815805694,1.0,0.0,0.0,0.0
0.0,0.0,0.09999720287442034,1.0,0.0,0.0,0.0
0.0,0.0,0.09999526668915086,1.0,0.0,0.0,0.0
0.0,0.0,0.09999237368297663,1.0,0.0,0.0,0.0
0.0,0.0,0.09999641319294704,1.0,0.0,0.0,0.0
0.0,0.0,0.09999568728864003,1.0,0.0,0.0,0.0
0.0,0.0,0.09999584251063696,1.0,0.0,0.0,0.0
0.0,0.0,0.0999934985148766,1.0,0.0,0.0,0.0
0.0,0.0,0.09999606900465027,1.0,0.0,0.0,0.0
0.0,0.0,0.09999488512712076,1.0,0.0,0.0,0.0
0.0,0.0,0.09999603436862747,1.0,0.0,0.0,0.0
0.0,0.0,0.0999940494824794,1.0,0.0,0.0,0.0
0.0,0.0,0.09999597312703058,1.0,0.0,0.0,0.0
0.0,0.0,0.0999945208013594,1.0,0.0,0.0,0.0
0.0,0.0,0.09999607278300604,1.0,0.0,0.0,0.0
0.0,0.0,0.09999428056758744,1.0,0.0,0.0,0.0
0.0,0.0,0.09999596681619179,1.0,0.0,0.0,0.0
0.0,0.0,0.09999438132578885,1.0,0.0,0.0,0.0
0.0,0.0,0.09999606298844436,1.0,0.0,0.0,0.0
0.0,0.0,0.09999435940233681,1.0,0.0,0.0,0.0
0.0,0.0,0.09999598312319,1.0,0.0,0.0,0.0
0.0,0.0,0.09999434100104684,1.0,0.0,0.0,0.0
0.0,0.0,0.09999604554055017,1.0,0.0,0.0,0.0
0.0,0.0,0.09999437644862698,1.0,0.0,0.0,0.0
0.0,0.0,0.09999599900702903,1.0,0.0,0.0,0.0
0.0,0.0,0.09999433714004309,1.0,0.0,0.0,0.0
0.0,0.0,0.0999960323243596,1.0,0.0,0.0,0.0
0.0,0.0,0.09999437354173808,1.0,0.0,0.0,0.0
0.0,0.0,0.0999960093506638,1.0,0.0,0.0,0.0
0.0,0.0,0.0999943429298243,1.0,0.0,0.0,0.0
0.0,0.0,0.09999602460393384,1.0,0.0,0.0,0.0
0.0,0.0,0.09999436707417077,1.0,0.0,0.0,0.0
0.0,0.0,0.09999601488415481,1.0,0.0,0.0,0.0
0.0,0.0,0.09999434893942959,1.0,0.0,0.0,0.0
0.0,0.0,0.0999960207845018,1.0,0.0,0.0,0.0
0.0,0.0,0.09999436200992133,1.0,0.0,0.0,0.0
0.0,0.0,0.09999601742272035,1.0,0.0,0.0,0.0
0.0,0.0,0.09999435293968241,1.0,0.0,0.0,0.0
0.0,0.0,0.0999960191649377,1.0,0.0,0.0,0.0
0.0,0.0,0.09999435900173351,1.0,0.0,0.0,0.0
0.0,0.0,0.09999601840731219,1.0,0.0,0.0,0.0
0.0,0.0,0.09999435511011057,1.0,0.0,0.0,0.0
0.0,0.0,0.09999601860282065,1.0,0.0,0.0,0.0
0.0,0.0,0.09999435749404646,1.0,0.0,0.0,0.0
0.0,0.0,0.09999601869957785,1.0,0.0,0.0,0.0
0.0,0.0,0.09999435611881499,1.0,0.0,0.0,0.0
0.0,0.0,0.09999601847484654,1.0,0.0,0.0,0.0
0.0,0.0,0.09999435684574377,1.0,0.0,0.0,0.0
0.0,0.0,0.09999601873356768,1.0,0.0,0.0,0.0
0.0,0.0,0.09999435651651152,1.0,0.0,0.0,0.0
0.0,0.0,0.09999601848987996,1.0,0.0,0.0,0.0
0.0,0.0,0.09999435661588726,1.0,0.0,0.0,0.0
0.0,0.0,0.0999960186969239,1.0,0.0,0.0,0.0
0.0,0.0,0.09999435663837142,1.0,0.0,0.0,0.0
0.0,0.0,0.09999601853242128,1.0,0.0,0.0,0.0
0.0,0.0,0.09999435656036963,1.0,0.0,0.0,0.0
0.0,0.0,0.09999601865670701,1.0,0.0,0.0,0.0
0.0,0.0,0.09999435665547313,1.0,0.0,0.0,0.0
0.0,0.0,0.0999960185666655,1.0,0.0,0.0,0.0
0.0,0.0,0.09999435656369397,1.0,0.0,0.0,0.0
0.0,0.0,0.09999601862945688,1.0,0.0,0.0,0.0
0.0,0.0,0.09999435664278924,1.0,0.0,0.0,0.0
0.0,0.0,0.09999601858727895,1.0,0.0,0.0,0.0
0.0,0.0,0.09999435657931732,1.0,0.0,0.0,0.0
0.0,0.0,0.09999601861450699,1.0,0.0,0.0,0.0
0.0,0.0,0.09999435662764986,1.0,0.0,0.0,0.0
0.0,0.0,0.09999601859771498,1.0,0.0,0.0,0.0
0.0,0.0,0.09999435659239524,1.0,0.0,0.0,0.0
0.0,0.0,0.09999601860748972,1.0,0.0,0.0,0.0
0.0,0.0,0.0999943566171381,1.0,0.0,0.0,0.0
0.0,0.0,0.09999601860225014,1.0,0.0,0.0,0.0
0.0,0.0,0.09999435660040988,1.0,0.0,0.0,0.0
0.0,0.0,0.09999601860468899,1.0,0.0,0.0,0.0
0.0,0.0,0.0999943566112857,1.0,0.0,0.0,0.0
0.0,0.0,0.09999601860388342,1.0,0.0,0.0,0.0
0.0,0.0,0.09999435660452148,1.0,0.0,0.0,0.0
0.0,0.0,0.09999601860381106,1.0,0.0,0.0,0.0
0.0,0.0,0.09999435660850306,1.0,0.0,0.0,0.0
0.0,0.0,0.09999601860429422,1.0,0.0,0.0,0.0
0.0,0.0,0.09999435660633262,1.0,0.0,0.0,0.0
0.0,0.0,0.09999601860367317,1.0,0.0,0.0,0.0
0.0,0.0,0.09999435660737516,1.0,0.0,0.0,0.0
0.0,0.0,0.09999601860428503,1.0,0.0,0.0,0.0
0.0,0.0,0.09999435660699765,1.0,0.0,0.0,0.0
0.0,0.0,0.09999601860375153,1.0,0.0,0.0,0.0
0.0,0.0,0.09999435660701171,1.0,0.0,0.0,0.0
0.0,0.0,0.0999960186041831,1.0,0.0,0.0,0.0
0.0,0.0,0.09999435660717304,1.0,0.0,0.0,0.0
0.0,0.0,0.09999601860385242,1.0,0.0,0.0,0.0
0.0,0.0,0.09999435660694739,1.0,0.0,0.0,0.0
0.0,0.0,0.0999960186040949,1.0,0.0,0.0,0.0
0.0,0.0,0.0999943566071765,1.0,0.0,0.0,0.0
0.0,0.0,0.09999601860392388,1.0,0.0,0.0,0.0
0.0,0.0,0.09999435660697344,1.0,0.0,0.0,0.0
0.0,0.0,0.09999601860404009,1.0,0.0,0.0,0.0
0.0,0.0,0.0999943566071395,1.0,0.0,0.0,0.0
0.0,0.0,0.0999960186039641,1.0,0.0,0.0,0.0
0.0,0.0,0.09999435660701118,1.0,0.0,0.0,0.0
0.0,0.0,0.09999601860401168,1.0,0.0,0.0,0.0
0.0,0.0,0.09999435660710597,1.0,0.0,0.0,0.0
0.0,0.0,0.09999601860398345,1.0,0.0,0.0,0.0
0.0,0.0,0.09999435660703868,1.0,0.0,0.0,0.0
0.0,0.0,0.09999601860399902,1.0,0.0,0.0,0.0
0.0,0.0,0.0999943566070847,1.0,0.0,0.0,0.0
0.0,0.0,0.09999601860399138,1.0,0.0,0.0,0.0
0.0,0.0,0.0999943566070544,1.0,0.0,0.0,0.0
0.0,0.0,0.0999960186039943,1.0,0.0,0.0,0.0
0.0,0.0,0.09999435660707352,1.0,0.0,0.0,0.0
0.0,0.0,0.09999601860399399,1.0,0.0,0.0,0.0
0.0,0.0,0.09999435660706205,1.0,0.0,0.0,0.0
0.0,0.0,0.09999601860399301,1.0,0.0,0.0,0.0
0.0,0.0,0.09999435660706847,1.0,0.0,0.0,0.0
0.0,0.0,0.09999601860399449,1.0,0.0,0.0,0.0
0.0,0.0,0.09999435660706524,1.0,0.0,0.0,0.0
0.0,0.0,0.09999601860399296,1.0,0.0,0.0,0.0
0.0,0.0,0.09999435660706656,1.0,0.0,0.0,0.0
0.0,0.0,0.09999601860399433,1.0,0.0,0.0,0.0
0.0,0.0,0.09999435660706632,1.0,0.0,0.0,0.0
0.0,0.0,0.0999960186039932,1.0,0.0,0.0,0.0
0.0,0.0,0.09999435660706602,1.0,0.0,0.0,0.0
0.0,0.0,0.09999601860399408,1.0,0.0,0.0,0.0
0.0,0.0,0.09999435660706654,1.0,0.0,0.0,0.0
0.0,0.0,0.09999601860399342,1.0,0.0,0.0,0.0
0.0,0.0,0.09999435660706597,1.0,0.0,0.0,0.0
0.0,0.0,0.0999960186039939,1.0,0.0,0.0,0.0
0.0,0.0,0.09999435660706649,1.0,0.0,0.0,0.0
0.0,0.0,0.09999601860399356,1.0,0.0,0.0,0.0
0.0,0.0,0.09999435660706604,1.0,0.0,0.0,0.0
0.0,0.0,0.09999601860399379,1.0,0.0,0.0,0.0
